{
  "w_astro": 0.2722342237975239,
  "w_gann": 0.572289556512648,
  "w_tech": 0.15547621968982805,
  "up_th": 0.22144617628698463,
  "down_th": -0.18942051832724913,
  "objective": 0.0986458014333804
}