{
  "w_astro": 0.10404802219618185,
  "w_gann": 0.5825036178514467,
  "w_tech": 0.31344835995237147,
  "up_th": 0.051294159055406664,
  "down_th": -0.19545131029272814,
  "objective": 0.03533395450083854
}