{
  "w_astro": 0.2436647968881861,
  "w_gann": 0.3600784479053847,
  "w_tech": 0.39625675520642917,
  "up_th": 0.06492718661437893,
  "down_th": -0.19760856687297862,
  "objective": 0.02371559427270857
}