{
  "w_astro": 0.10404802219618185,
  "w_gann": 0.5825036178514467,
  "w_tech": 0.31344835995237147,
  "up_th": 0.02211465663019027,
  "down_th": -0.03855396339631936,
  "objective": 0.03533395450083854
}