{
  "w_astro": 0.3967098257120207,
  "w_gann": 0.560201075067308,
  "w_tech": 0.04308909922067139,
  "up_th": 0.14133835464476244,
  "down_th": -0.14970078347588026,
  "objective": 0.014732742895243216
}