{
  "w_astro": 0.38872580213962826,
  "w_gann": 0.2635559834351271,
  "w_tech": 0.34771821442524464,
  "up_th": 0.024532490510544094,
  "down_th": -0.04276913528346884,
  "objective": 0.03494911360872614
}