{
  "w_astro": 0.34994496915525897,
  "w_gann": 0.361425935095584,
  "w_tech": 0.2886290957491571,
  "up_th": 0.028362686809858137,
  "down_th": -0.046386748681475826,
  "objective": 0.03477759165204838
}