{
  "w_astro": 0.2931191112896259,
  "w_gann": 0.5432018946475939,
  "w_tech": 0.16367899406278008,
  "up_th": 0.28971520297805264,
  "down_th": -0.3088413257751963,
  "objective": 0.02669130252954626
}